"","lib_sizes","x_xmap_y_means","y_xmap_x_means","x_xmap_y_Sig","y_xmap_x_Sig","x_xmap_y_upper","x_xmap_y_lower","y_xmap_x_upper","y_xmap_x_lower"
"2",2,0.212737273341425,0.330864343512575,0.0711097102142766,0.0101142043309814,0.466054042469517,-0.0728151893547645,0.559963122839749,0.0547627725406168
"3",3,0.308639604676353,0.438874114368341,0.0154761066199569,0.000803761359088107,0.542733239203256,0.0300511066022136,0.640968802575253,0.179876009538705
"4",4,0.427439784401508,0.561885801471039,0.00109453305443963,1.32879409300291e-05,0.632601125739789,0.166222212429123,0.728050188712881,0.333360259878128
"5",5,0.463529085490313,0.625879707899617,0.000397884704793849,7.57799198281006e-07,0.658849398283215,0.209660196067741,0.771326502934156,0.418302342047821
"6",6,0.47722377331234,0.646583273593474,0.000263049495336065,2.5989446417185e-07,0.668686805310812,0.226409979574801,0.785045275423916,0.446583089508782
"7",7,0.49473505640559,0.680008021901439,0.000151022394789369,3.85342090458707e-08,0.681168915224108,0.248046100762726,0.806910468645405,0.493100016456961
"8",8,0.522224388810335,0.693316716713961,5.93697369914992e-05,1.67906719639177e-08,0.70054721641134,0.282514396832553,0.815520765572021,0.511923950970008
