"","lib_sizes","x_xmap_y_means","y_xmap_x_means","x_xmap_y_Sig","y_xmap_x_Sig","x_xmap_y_upper","x_xmap_y_lower","y_xmap_x_upper","y_xmap_x_lower"
"10",10,0.00181269521589556,0.013777326290665,0.481604941079603,0.362946167634104,0.0787037215882495,-0.0750997713454173,0.090583350538164,-0.0631916231433546
"30",30,0.0231548322574274,0.0572479871624033,0.277837584697636,0.0724299819282206,0.0998789801281504,-0.0538430411695686,0.13356198026644,-0.019740919593557
"50",50,0.061643567478333,0.160578435058391,0.0581985808398775,1.95443566153308e-05,0.13789188679188,-0.015331107505447,0.234583606113394,0.0847226607965857
"70",70,0.0645787591991239,0.26767205363395,0.0499859250859849,1.98585592414702e-12,0.140781602257678,-0.0123847440193398,0.337624220252749,0.194779497586957
"90",90,0.0515958954784451,0.339268285680346,0.0944591803076411,0,0.127990050706,-0.0254069124276396,0.405588318268674,0.269394911416094
"110",110,0.0518503570861555,0.368500349104936,0.0933718308830109,0,0.128241007064452,-0.0251519312869968,0.433128181484415,0.300102788192829
